,iiserid,name,courseid,email,website
0,27,H N Gopi,ch3114,hn.gopi@iiserpune.ac.in,https://www.iiserpune.ac.in/people/faculty-details/27
1,142,Moumita Majumdar,ch3124,moumitam@iiserpune.ac.in,https://www.iiserpune.ac.in/people/faculty-details/142
2,4,V G Anand,chm413,vg.anand@iiserpune.ac.in,https://www.iiserpune.ac.in/people/faculty-details/4
3,9,Nirmalya Ballav,chm445,nballav@iiserpune.ac.in,https://www.iiserpune.ac.in/people/faculty-details/9
4,133,Booapthy Gnanaprakasam,chm411,gnanaprakasam@iiserpune.ac.in,https://www.iiserpune.ac.in/people/faculty-details/133
5,156,Amrita Hazra,chm431,amrita@iiserpune.ac.in,https://www.iiserpune.ac.in/people/faculty-details/156
6,29,M Jayakannana,chm421,jayakannan@iiserpune.ac.in,https://www.iiserpune.ac.in/people/faculty-details/29
